<?xml version="1.0" encoding="UTF-8" standalone="yes"?>
<Broker deployBarfile="app_zadanie2project.TestMode.bar" deployTimestamp="2022-06-03 16:00:17">
  <CompiledApplication>
    <ConfigurableProperty uri="startMode">
    </ConfigurableProperty>
  </CompiledApplication>
  <CompiledMessageFlow name="XMLtoJSONwithValidation" deployBarfile="app_zadanie2project.TestMode.bar" deployTimestamp="2022-06-03 16:00:17">
    <ConfigurableProperty uri="XMLtoJSONwithValidation#Compute.connectDatasourceBeforeFlowStarts">
    </ConfigurableProperty>
    <ConfigurableProperty uri="XMLtoJSONwithValidation#Compute.dataSource">
    </ConfigurableProperty>
    <ConfigurableProperty uri="XMLtoJSONwithValidation#Compute.validateMaster">
    </ConfigurableProperty>
    <ConfigurableProperty uri="XMLtoJSONwithValidation#MQ Input.SSLCertificateLabel">
    </ConfigurableProperty>
    <ConfigurableProperty uri="XMLtoJSONwithValidation#MQ Input.SSLCipherSpec">
    </ConfigurableProperty>
    <ConfigurableProperty uri="XMLtoJSONwithValidation#MQ Input.SSLPeerName">
    </ConfigurableProperty>
    <ConfigurableProperty uri="XMLtoJSONwithValidation#MQ Input.additionalInstances">
    </ConfigurableProperty>
    <ConfigurableProperty uri="XMLtoJSONwithValidation#MQ Input.channelName">
    </ConfigurableProperty>
    <ConfigurableProperty uri="XMLtoJSONwithValidation#MQ Input.componentLevel">
    </ConfigurableProperty>
    <ConfigurableProperty uri="XMLtoJSONwithValidation#MQ Input.connection">
    </ConfigurableProperty>
    <ConfigurableProperty uri="XMLtoJSONwithValidation#MQ Input.destinationQueueManagerName" override="testowy">
    </ConfigurableProperty>
    <ConfigurableProperty uri="XMLtoJSONwithValidation#MQ Input.listenerPortNumber">
    </ConfigurableProperty>
    <ConfigurableProperty uri="XMLtoJSONwithValidation#MQ Input.policyUrl">
    </ConfigurableProperty>
    <ConfigurableProperty uri="XMLtoJSONwithValidation#MQ Input.queueManagerHostname">
    </ConfigurableProperty>
    <ConfigurableProperty uri="XMLtoJSONwithValidation#MQ Input.queueName" override="INPUT">
    </ConfigurableProperty>
    <ConfigurableProperty uri="XMLtoJSONwithValidation#MQ Input.resetBrowseTimeout">
    </ConfigurableProperty>
    <ConfigurableProperty uri="XMLtoJSONwithValidation#MQ Input.securityIdentity">
    </ConfigurableProperty>
    <ConfigurableProperty uri="XMLtoJSONwithValidation#MQ Input.securityProfileName">
    </ConfigurableProperty>
    <ConfigurableProperty uri="XMLtoJSONwithValidation#MQ Input.serializationToken">
    </ConfigurableProperty>
    <ConfigurableProperty uri="XMLtoJSONwithValidation#MQ Input.topicProperty">
    </ConfigurableProperty>
    <ConfigurableProperty uri="XMLtoJSONwithValidation#MQ Input.useSSL">
    </ConfigurableProperty>
    <ConfigurableProperty uri="XMLtoJSONwithValidation#MQ Input.validateMaster">
    </ConfigurableProperty>
    <ConfigurableProperty uri="XMLtoJSONwithValidation#MQ Output.AddRequestToGroup">
    </ConfigurableProperty>
    <ConfigurableProperty uri="XMLtoJSONwithValidation#MQ Output.GroupRequestFolderName">
    </ConfigurableProperty>
    <ConfigurableProperty uri="XMLtoJSONwithValidation#MQ Output.GroupRequestTimeout">
    </ConfigurableProperty>
    <ConfigurableProperty uri="XMLtoJSONwithValidation#MQ Output.SSLCertificateLabel">
    </ConfigurableProperty>
    <ConfigurableProperty uri="XMLtoJSONwithValidation#MQ Output.SSLCipherSpec">
    </ConfigurableProperty>
    <ConfigurableProperty uri="XMLtoJSONwithValidation#MQ Output.SSLPeerName">
    </ConfigurableProperty>
    <ConfigurableProperty uri="XMLtoJSONwithValidation#MQ Output.channelName">
    </ConfigurableProperty>
    <ConfigurableProperty uri="XMLtoJSONwithValidation#MQ Output.connection">
    </ConfigurableProperty>
    <ConfigurableProperty uri="XMLtoJSONwithValidation#MQ Output.destinationQueueManagerName" override="testowy">
    </ConfigurableProperty>
    <ConfigurableProperty uri="XMLtoJSONwithValidation#MQ Output.listenerPortNumber">
    </ConfigurableProperty>
    <ConfigurableProperty uri="XMLtoJSONwithValidation#MQ Output.policyUrl">
    </ConfigurableProperty>
    <ConfigurableProperty uri="XMLtoJSONwithValidation#MQ Output.queueManagerHostname">
    </ConfigurableProperty>
    <ConfigurableProperty uri="XMLtoJSONwithValidation#MQ Output.queueManagerName">
    </ConfigurableProperty>
    <ConfigurableProperty uri="XMLtoJSONwithValidation#MQ Output.queueName" override="OUTPUT">
    </ConfigurableProperty>
    <ConfigurableProperty uri="XMLtoJSONwithValidation#MQ Output.replyToQ">
    </ConfigurableProperty>
    <ConfigurableProperty uri="XMLtoJSONwithValidation#MQ Output.replyToQMgr">
    </ConfigurableProperty>
    <ConfigurableProperty uri="XMLtoJSONwithValidation#MQ Output.securityIdentity">
    </ConfigurableProperty>
    <ConfigurableProperty uri="XMLtoJSONwithValidation#MQ Output.securityProfileName">
    </ConfigurableProperty>
    <ConfigurableProperty uri="XMLtoJSONwithValidation#MQ Output.useSSL">
    </ConfigurableProperty>
    <ConfigurableProperty uri="XMLtoJSONwithValidation#MQ Output.validateMaster">
    </ConfigurableProperty>
    <ConfigurableProperty uri="XMLtoJSONwithValidation#additionalInstances">
    </ConfigurableProperty>
    <ConfigurableProperty uri="XMLtoJSONwithValidation#commitCount">
    </ConfigurableProperty>
    <ConfigurableProperty uri="XMLtoJSONwithValidation#commitInterval">
    </ConfigurableProperty>
    <ConfigurableProperty uri="XMLtoJSONwithValidation#consumerPolicySet">
    </ConfigurableProperty>
    <ConfigurableProperty uri="XMLtoJSONwithValidation#consumerPolicySetBindings">
    </ConfigurableProperty>
    <ConfigurableProperty uri="XMLtoJSONwithValidation#coordinatedTransaction">
    </ConfigurableProperty>
    <ConfigurableProperty uri="XMLtoJSONwithValidation#maximumRateMsgsPerSec">
    </ConfigurableProperty>
    <ConfigurableProperty uri="XMLtoJSONwithValidation#monitoringProfile">
    </ConfigurableProperty>
    <ConfigurableProperty uri="XMLtoJSONwithValidation#notificationThresholdMsgsPerSec">
    </ConfigurableProperty>
    <ConfigurableProperty uri="XMLtoJSONwithValidation#processingTimeoutAction">
    </ConfigurableProperty>
    <ConfigurableProperty uri="XMLtoJSONwithValidation#processingTimeoutSec">
    </ConfigurableProperty>
    <ConfigurableProperty uri="XMLtoJSONwithValidation#providerPolicySet">
    </ConfigurableProperty>
    <ConfigurableProperty uri="XMLtoJSONwithValidation#providerPolicySetBindings">
    </ConfigurableProperty>
    <ConfigurableProperty uri="XMLtoJSONwithValidation#securityProfileName">
    </ConfigurableProperty>
    <ConfigurableProperty uri="XMLtoJSONwithValidation#startInstancesWhenFlowStarts">
    </ConfigurableProperty>
    <ConfigurableProperty uri="XMLtoJSONwithValidation#startMode">
    </ConfigurableProperty>
    <ConfigurableProperty uri="XMLtoJSONwithValidation#wlmPolicy">
    </ConfigurableProperty>
  </CompiledMessageFlow>
</Broker>
