<?xml version="1.0" encoding="UTF-8" standalone="yes"?>
<MessagePool xmlns="http://wwww.ibm.com/iib/test/1.0.0">
    <MQInputMessage timestamp="1654271146725" nodeId="FCMComposite_1_1" name="poprawna" id="1654271146725-7">
        <plainText>%3Cperson%3E%3CfirstName%3Efname%3C%2FfirstName%3E%3ClastName%3Elname%3C%2FlastName%3E%3C%2Fperson%3E</plainText>
        <MessageHeader backoutCount="0" characterSet="0" encoding="0" expiry="-1" feedback="0" messageFlags="0" messageType="8" messageSequenceNumber="1" offset="0" originalLength="-1" persistence="2" priority="-1" putApplicationType="0" report="0"/>
    </MQInputMessage>
    <MQInputMessage timestamp="1654271406785" nodeId="FCMComposite_1_1" name="niepoprawna" id="1654271406785-86">
        <plainText>%3Cperson%3E%3CfirstName%3Efname2%3C%2FfirstName%3E%3ClastName%3Elname%3C%2FlastName%3E%3C%2Fperson%3E</plainText>
        <MessageHeader backoutCount="0" characterSet="0" encoding="0" expiry="-1" feedback="0" messageFlags="0" messageType="8" messageSequenceNumber="1" offset="0" originalLength="-1" persistence="2" priority="-1" putApplicationType="0" report="0"/>
    </MQInputMessage>
</MessagePool>
