<?xml version="1.0" encoding="UTF-8" standalone="yes"?>
<Broker deployBarfile="zadanie3project.generated.bar" deployTimestamp="2022-06-02 15:51:11">
  <CompiledApplication>
    <ConfigurableProperty uri="startMode">
    </ConfigurableProperty>
  </CompiledApplication>
  <CompiledMessageFlow name="getTime" type="subflow" deployBarfile="zadanie3project.generated.bar" deployTimestamp="2022-06-02 15:51:11">
    <ConfigurableProperty uri="getTime#Compute.connectDatasourceBeforeFlowStarts">
    </ConfigurableProperty>
    <ConfigurableProperty uri="getTime#Compute.dataSource">
    </ConfigurableProperty>
    <ConfigurableProperty uri="getTime#Compute.validateMaster">
    </ConfigurableProperty>
  </CompiledMessageFlow>
  <CompiledMessageFlow name="gen.zadanie3" deployBarfile="zadanie3project.generated.bar" deployTimestamp="2022-06-02 15:51:11">
    <ConfigurableProperty uri="gen.zadanie3#HTTP Input.URLSpecifier" override="/zadanie3/v1*">
    </ConfigurableProperty>
    <ConfigurableProperty uri="gen.zadanie3#HTTP Input.decompressInputMessage">
    </ConfigurableProperty>
    <ConfigurableProperty uri="gen.zadanie3#HTTP Input.faultFormat" override="JSON">
    </ConfigurableProperty>
    <ConfigurableProperty uri="gen.zadanie3#HTTP Input.securityProfileName">
    </ConfigurableProperty>
    <ConfigurableProperty uri="gen.zadanie3#HTTP Input.timeoutForClient">
    </ConfigurableProperty>
    <ConfigurableProperty uri="gen.zadanie3#HTTP Input.useHTTPS">
    </ConfigurableProperty>
    <ConfigurableProperty uri="gen.zadanie3#HTTP Input.validateMaster">
    </ConfigurableProperty>
    <ConfigurableProperty uri="gen.zadanie3#HTTP Reply.validateMaster">
    </ConfigurableProperty>
    <ConfigurableProperty uri="gen.zadanie3#additionalInstances" override="3">
    </ConfigurableProperty>
    <ConfigurableProperty uri="gen.zadanie3#commitCount">
    </ConfigurableProperty>
    <ConfigurableProperty uri="gen.zadanie3#commitInterval">
    </ConfigurableProperty>
    <ConfigurableProperty uri="gen.zadanie3#consumerPolicySet">
    </ConfigurableProperty>
    <ConfigurableProperty uri="gen.zadanie3#consumerPolicySetBindings">
    </ConfigurableProperty>
    <ConfigurableProperty uri="gen.zadanie3#coordinatedTransaction">
    </ConfigurableProperty>
    <ConfigurableProperty uri="gen.zadanie3#maximumRateMsgsPerSec">
    </ConfigurableProperty>
    <ConfigurableProperty uri="gen.zadanie3#monitoringProfile">
    </ConfigurableProperty>
    <ConfigurableProperty uri="gen.zadanie3#notificationThresholdMsgsPerSec">
    </ConfigurableProperty>
    <ConfigurableProperty uri="gen.zadanie3#processingTimeoutAction">
    </ConfigurableProperty>
    <ConfigurableProperty uri="gen.zadanie3#processingTimeoutSec">
    </ConfigurableProperty>
    <ConfigurableProperty uri="gen.zadanie3#providerPolicySet">
    </ConfigurableProperty>
    <ConfigurableProperty uri="gen.zadanie3#providerPolicySetBindings">
    </ConfigurableProperty>
    <ConfigurableProperty uri="gen.zadanie3#securityProfileName">
    </ConfigurableProperty>
    <ConfigurableProperty uri="gen.zadanie3#startInstancesWhenFlowStarts">
    </ConfigurableProperty>
    <ConfigurableProperty uri="gen.zadanie3#startMode">
    </ConfigurableProperty>
    <ConfigurableProperty uri="gen.zadanie3#wlmPolicy">
    </ConfigurableProperty>
  </CompiledMessageFlow>
</Broker>
