<?xml version="1.0" encoding="UTF-8" standalone="yes"?>
<Broker deployBarfile="app_zadanie1project.TestMode.bar" deployTimestamp="2022-06-03 15:48:19">
  <CompiledApplication>
    <ConfigurableProperty uri="startMode">
    </ConfigurableProperty>
  </CompiledApplication>
  <CompiledMessageFlow name="XMLtoJSON" deployBarfile="app_zadanie1project.TestMode.bar" deployTimestamp="2022-06-03 15:48:19">
    <ConfigurableProperty uri="XMLtoJSON#Compute.connectDatasourceBeforeFlowStarts">
    </ConfigurableProperty>
    <ConfigurableProperty uri="XMLtoJSON#Compute.dataSource">
    </ConfigurableProperty>
    <ConfigurableProperty uri="XMLtoJSON#Compute.validateMaster">
    </ConfigurableProperty>
    <ConfigurableProperty uri="XMLtoJSON#MQ Input.SSLCertificateLabel">
    </ConfigurableProperty>
    <ConfigurableProperty uri="XMLtoJSON#MQ Input.SSLCipherSpec">
    </ConfigurableProperty>
    <ConfigurableProperty uri="XMLtoJSON#MQ Input.SSLPeerName">
    </ConfigurableProperty>
    <ConfigurableProperty uri="XMLtoJSON#MQ Input.additionalInstances">
    </ConfigurableProperty>
    <ConfigurableProperty uri="XMLtoJSON#MQ Input.channelName">
    </ConfigurableProperty>
    <ConfigurableProperty uri="XMLtoJSON#MQ Input.componentLevel">
    </ConfigurableProperty>
    <ConfigurableProperty uri="XMLtoJSON#MQ Input.connection">
    </ConfigurableProperty>
    <ConfigurableProperty uri="XMLtoJSON#MQ Input.destinationQueueManagerName" override="testowy">
    </ConfigurableProperty>
    <ConfigurableProperty uri="XMLtoJSON#MQ Input.listenerPortNumber">
    </ConfigurableProperty>
    <ConfigurableProperty uri="XMLtoJSON#MQ Input.policyUrl">
    </ConfigurableProperty>
    <ConfigurableProperty uri="XMLtoJSON#MQ Input.queueManagerHostname">
    </ConfigurableProperty>
    <ConfigurableProperty uri="XMLtoJSON#MQ Input.queueName" override="INPUT">
    </ConfigurableProperty>
    <ConfigurableProperty uri="XMLtoJSON#MQ Input.resetBrowseTimeout">
    </ConfigurableProperty>
    <ConfigurableProperty uri="XMLtoJSON#MQ Input.securityIdentity">
    </ConfigurableProperty>
    <ConfigurableProperty uri="XMLtoJSON#MQ Input.securityProfileName">
    </ConfigurableProperty>
    <ConfigurableProperty uri="XMLtoJSON#MQ Input.serializationToken">
    </ConfigurableProperty>
    <ConfigurableProperty uri="XMLtoJSON#MQ Input.topicProperty">
    </ConfigurableProperty>
    <ConfigurableProperty uri="XMLtoJSON#MQ Input.useSSL">
    </ConfigurableProperty>
    <ConfigurableProperty uri="XMLtoJSON#MQ Input.validateMaster">
    </ConfigurableProperty>
    <ConfigurableProperty uri="XMLtoJSON#MQ Output.AddRequestToGroup">
    </ConfigurableProperty>
    <ConfigurableProperty uri="XMLtoJSON#MQ Output.GroupRequestFolderName">
    </ConfigurableProperty>
    <ConfigurableProperty uri="XMLtoJSON#MQ Output.GroupRequestTimeout">
    </ConfigurableProperty>
    <ConfigurableProperty uri="XMLtoJSON#MQ Output.SSLCertificateLabel">
    </ConfigurableProperty>
    <ConfigurableProperty uri="XMLtoJSON#MQ Output.SSLCipherSpec">
    </ConfigurableProperty>
    <ConfigurableProperty uri="XMLtoJSON#MQ Output.SSLPeerName">
    </ConfigurableProperty>
    <ConfigurableProperty uri="XMLtoJSON#MQ Output.channelName">
    </ConfigurableProperty>
    <ConfigurableProperty uri="XMLtoJSON#MQ Output.connection">
    </ConfigurableProperty>
    <ConfigurableProperty uri="XMLtoJSON#MQ Output.destinationQueueManagerName" override="testowy">
    </ConfigurableProperty>
    <ConfigurableProperty uri="XMLtoJSON#MQ Output.listenerPortNumber">
    </ConfigurableProperty>
    <ConfigurableProperty uri="XMLtoJSON#MQ Output.policyUrl">
    </ConfigurableProperty>
    <ConfigurableProperty uri="XMLtoJSON#MQ Output.queueManagerHostname">
    </ConfigurableProperty>
    <ConfigurableProperty uri="XMLtoJSON#MQ Output.queueManagerName">
    </ConfigurableProperty>
    <ConfigurableProperty uri="XMLtoJSON#MQ Output.queueName" override="OUTPUT">
    </ConfigurableProperty>
    <ConfigurableProperty uri="XMLtoJSON#MQ Output.replyToQ">
    </ConfigurableProperty>
    <ConfigurableProperty uri="XMLtoJSON#MQ Output.replyToQMgr">
    </ConfigurableProperty>
    <ConfigurableProperty uri="XMLtoJSON#MQ Output.securityIdentity">
    </ConfigurableProperty>
    <ConfigurableProperty uri="XMLtoJSON#MQ Output.securityProfileName">
    </ConfigurableProperty>
    <ConfigurableProperty uri="XMLtoJSON#MQ Output.useSSL">
    </ConfigurableProperty>
    <ConfigurableProperty uri="XMLtoJSON#MQ Output.validateMaster">
    </ConfigurableProperty>
    <ConfigurableProperty uri="XMLtoJSON#additionalInstances">
    </ConfigurableProperty>
    <ConfigurableProperty uri="XMLtoJSON#commitCount">
    </ConfigurableProperty>
    <ConfigurableProperty uri="XMLtoJSON#commitInterval">
    </ConfigurableProperty>
    <ConfigurableProperty uri="XMLtoJSON#consumerPolicySet">
    </ConfigurableProperty>
    <ConfigurableProperty uri="XMLtoJSON#consumerPolicySetBindings">
    </ConfigurableProperty>
    <ConfigurableProperty uri="XMLtoJSON#coordinatedTransaction">
    </ConfigurableProperty>
    <ConfigurableProperty uri="XMLtoJSON#maximumRateMsgsPerSec">
    </ConfigurableProperty>
    <ConfigurableProperty uri="XMLtoJSON#monitoringProfile">
    </ConfigurableProperty>
    <ConfigurableProperty uri="XMLtoJSON#notificationThresholdMsgsPerSec">
    </ConfigurableProperty>
    <ConfigurableProperty uri="XMLtoJSON#processingTimeoutAction">
    </ConfigurableProperty>
    <ConfigurableProperty uri="XMLtoJSON#processingTimeoutSec">
    </ConfigurableProperty>
    <ConfigurableProperty uri="XMLtoJSON#providerPolicySet">
    </ConfigurableProperty>
    <ConfigurableProperty uri="XMLtoJSON#providerPolicySetBindings">
    </ConfigurableProperty>
    <ConfigurableProperty uri="XMLtoJSON#securityProfileName">
    </ConfigurableProperty>
    <ConfigurableProperty uri="XMLtoJSON#startInstancesWhenFlowStarts">
    </ConfigurableProperty>
    <ConfigurableProperty uri="XMLtoJSON#startMode">
    </ConfigurableProperty>
    <ConfigurableProperty uri="XMLtoJSON#wlmPolicy">
    </ConfigurableProperty>
  </CompiledMessageFlow>
</Broker>
